,dailyconfirmed,dailydeceased,dailyrecovered,date,dateymd,totalconfirmed,totaldeceased,totalrecovered
0,1,0,0,30 January 2020,2020-01-30,1,0,0
1,0,0,0,31 January 2020,2020-01-31,1,0,0
2,0,0,0,1 February 2020,2020-02-01,1,0,0
3,1,0,0,2 February 2020,2020-02-02,2,0,0
4,1,0,0,3 February 2020,2020-02-03,3,0,0
5,0,0,0,4 February 2020,2020-02-04,3,0,0
6,0,0,0,5 February 2020,2020-02-05,3,0,0
7,0,0,0,6 February 2020,2020-02-06,3,0,0
8,0,0,0,7 February 2020,2020-02-07,3,0,0
9,0,0,0,8 February 2020,2020-02-08,3,0,0
10,0,0,0,9 February 2020,2020-02-09,3,0,0
11,0,0,0,10 February 2020,2020-02-10,3,0,0
12,0,0,0,11 February 2020,2020-02-11,3,0,0
13,0,0,0,12 February 2020,2020-02-12,3,0,0
14,0,0,1,13 February 2020,2020-02-13,3,0,1
15,0,0,0,14 February 2020,2020-02-14,3,0,1
16,0,0,0,15 February 2020,2020-02-15,3,0,1
17,0,0,1,16 February 2020,2020-02-16,3,0,2
18,0,0,0,17 February 2020,2020-02-17,3,0,2
19,0,0,0,18 February 2020,2020-02-18,3,0,2
20,0,0,0,19 February 2020,2020-02-19,3,0,2
21,0,0,1,20 February 2020,2020-02-20,3,0,3
22,0,0,0,21 February 2020,2020-02-21,3,0,3
23,0,0,0,22 February 2020,2020-02-22,3,0,3
24,0,0,0,23 February 2020,2020-02-23,3,0,3
25,0,0,0,24 February 2020,2020-02-24,3,0,3
26,0,0,0,25 February 2020,2020-02-25,3,0,3
27,0,0,0,26 February 2020,2020-02-26,3,0,3
28,0,0,0,27 February 2020,2020-02-27,3,0,3
29,0,0,0,28 February 2020,2020-02-28,3,0,3
30,0,0,0,29 February 2020,2020-02-29,3,0,3
31,0,0,0,1 March 2020,2020-03-01,3,0,3
32,2,0,0,2 March 2020,2020-03-02,5,0,3
33,1,0,0,3 March 2020,2020-03-03,6,0,3
34,22,0,0,4 March 2020,2020-03-04,28,0,3
35,2,0,0,5 March 2020,2020-03-05,30,0,3
36,1,0,0,6 March 2020,2020-03-06,31,0,3
37,3,0,0,7 March 2020,2020-03-07,34,0,3
38,5,0,0,8 March 2020,2020-03-08,39,0,3
39,9,0,0,9 March 2020,2020-03-09,48,0,3
40,15,0,1,10 March 2020,2020-03-10,63,0,4
41,8,0,0,11 March 2020,2020-03-11,71,0,4
42,10,1,0,12 March 2020,2020-03-12,81,1,4
43,10,0,6,13 March 2020,2020-03-13,91,1,10
44,11,1,0,14 March 2020,2020-03-14,102,2,10
45,10,0,3,15 March 2020,2020-03-15,112,2,13
46,14,0,1,16 March 2020,2020-03-16,126,2,14
47,20,1,1,17 March 2020,2020-03-17,146,3,15
48,25,0,0,18 March 2020,2020-03-18,171,3,15
49,27,1,5,19 March 2020,2020-03-19,198,4,20
50,58,0,3,20 March 2020,2020-03-20,256,4,23
51,78,0,0,21 March 2020,2020-03-21,334,4,23
52,69,3,0,22 March 2020,2020-03-22,403,7,23
53,94,2,2,23 March 2020,2020-03-23,497,9,25
54,74,1,15,24 March 2020,2020-03-24,571,10,40
55,86,1,3,25 March 2020,2020-03-25,657,11,43
56,73,5,7,26 March 2020,2020-03-26,730,16,50
57,153,3,25,27 March 2020,2020-03-27,883,19,75
58,136,5,10,28 March 2020,2020-03-28,1019,24,85
59,120,3,17,29 March 2020,2020-03-29,1139,27,102
60,187,14,35,30 March 2020,2020-03-30,1326,41,137
61,309,6,13,31 March 2020,2020-03-31,1635,47,150
62,424,6,19,1 April 2020,2020-04-01,2059,53,169
63,486,16,22,2 April 2020,2020-04-02,2545,69,191
64,560,14,39,3 April 2020,2020-04-03,3105,83,230
65,579,13,56,4 April 2020,2020-04-04,3684,96,286
66,609,22,43,5 April 2020,2020-04-05,4293,118,329
67,484,16,65,6 April 2020,2020-04-06,4777,134,394
68,573,27,75,7 April 2020,2020-04-07,5350,161,469
69,565,20,96,8 April 2020,2020-04-08,5915,181,565
70,813,46,70,9 April 2020,2020-04-09,6728,227,635
71,871,22,151,10 April 2020,2020-04-10,7599,249,786
72,854,41,186,11 April 2020,2020-04-11,8453,290,972
73,758,42,114,12 April 2020,2020-04-12,9211,332,1086
74,1243,27,112,13 April 2020,2020-04-13,10454,359,1198
75,1031,37,167,14 April 2020,2020-04-14,11485,396,1365
76,886,27,144,15 April 2020,2020-04-15,12371,423,1509
77,1061,26,258,16 April 2020,2020-04-16,13432,449,1767
78,922,38,273,17 April 2020,2020-04-17,14354,487,2040
79,1371,35,426,18 April 2020,2020-04-18,15725,522,2466
80,1580,38,388,19 April 2020,2020-04-19,17305,560,2854
81,1239,33,419,20 April 2020,2020-04-20,18544,593,3273
82,1537,53,703,21 April 2020,2020-04-21,20081,646,3976
83,1292,36,394,22 April 2020,2020-04-22,21373,682,4370
84,1667,40,642,23 April 2020,2020-04-23,23040,722,5012
85,1408,59,484,24 April 2020,2020-04-24,24448,781,5496
86,1835,44,442,25 April 2020,2020-04-25,26283,825,5938
87,1607,56,585,26 April 2020,2020-04-26,27890,881,6523
88,1568,58,580,27 April 2020,2020-04-27,29458,939,7103
89,1902,69,636,28 April 2020,2020-04-28,31360,1008,7739
90,1705,71,690,29 April 2020,2020-04-29,33065,1079,8429
91,1801,75,630,30 April 2020,2020-04-30,34866,1154,9059
92,2396,77,962,1 May 2020,2020-05-01,37262,1231,10021
93,2564,92,831,2 May 2020,2020-05-02,39826,1323,10852
94,2952,140,911,3 May 2020,2020-05-03,42778,1463,11763
95,3656,103,1082,4 May 2020,2020-05-04,46434,1566,12845
96,2971,128,1295,5 May 2020,2020-05-05,49405,1694,14140
97,3602,91,1161,6 May 2020,2020-05-06,53007,1785,15301
98,3344,104,1475,7 May 2020,2020-05-07,56351,1889,16776
99,3339,97,1111,8 May 2020,2020-05-08,59690,1986,17887
100,3175,115,1414,9 May 2020,2020-05-09,62865,2101,19301
101,4311,112,1669,10 May 2020,2020-05-10,67176,2213,20970
102,3592,81,1579,11 May 2020,2020-05-11,70768,2294,22549
103,3562,120,1905,12 May 2020,2020-05-12,74330,2414,24454
104,3726,137,1963,13 May 2020,2020-05-13,78056,2551,26417
105,3991,97,1594,14 May 2020,2020-05-14,82047,2648,28011
106,3808,104,2234,15 May 2020,2020-05-15,85855,2752,30245
107,4794,120,4012,16 May 2020,2020-05-16,90649,2872,34257
108,5049,152,2538,17 May 2020,2020-05-17,95698,3024,36795
109,4628,131,2482,18 May 2020,2020-05-18,100326,3155,39277
110,6154,146,3032,19 May 2020,2020-05-19,106480,3301,42309
111,5720,134,3113,20 May 2020,2020-05-20,112200,3435,45422
112,6023,148,3131,21 May 2020,2020-05-21,118223,3583,48553
113,6536,142,3280,22 May 2020,2020-05-22,124759,3725,51833
114,6667,142,2576,23 May 2020,2020-05-23,131424,3867,54409
115,7111,156,3285,24 May 2020,2020-05-24,138537,4023,57694
116,6414,150,3012,25 May 2020,2020-05-25,144951,4173,60706
117,5907,173,3585,26 May 2020,2020-05-26,150858,4346,64291
118,7246,188,3434,27 May 2020,2020-05-27,158104,4534,67725
119,7254,176,3171,28 May 2020,2020-05-28,165358,4710,70896
120,8138,269,11735,29 May 2020,2020-05-29,173496,4979,82631
121,8364,205,4303,30 May 2020,2020-05-30,181860,5184,86934
122,8789,222,4928,31 May 2020,2020-05-31,190649,5406,91862
123,7723,201,3882,1 June 2020,2020-06-01,198372,5607,95744
124,8812,222,4531,2 June 2020,2020-06-02,207187,5829,100275
125,9689,259,3789,3 June 2020,2020-06-03,216876,6088,104064
126,9847,274,4390,4 June 2020,2020-06-04,226723,6362,108454
127,9472,286,4770,5 June 2020,2020-06-05,236195,6648,113224
128,10408,297,5433,6 June 2020,2020-06-06,246603,6945,118657
129,10882,261,5191,7 June 2020,2020-06-07,257485,7206,123848
130,8536,271,5171,8 June 2020,2020-06-08,266021,7477,129019
131,9981,272,5634,9 June 2020,2020-06-09,276002,7749,134653
132,11156,358,6275,10 June 2020,2020-06-10,287158,8107,140928
133,11135,394,6044,11 June 2020,2020-06-11,298293,8501,146972
134,11306,388,7263,12 June 2020,2020-06-12,309599,8889,154235
135,12039,309,8092,13 June 2020,2020-06-13,321638,9198,162327
136,11405,324,7358,14 June 2020,2020-06-14,333043,9522,169685
137,10032,396,10639,15 June 2020,2020-06-15,343075,9918,180324
138,11086,2004,7226,16 June 2020,2020-06-16,354161,11922,187550
139,13108,341,6890,17 June 2020,2020-06-17,367269,12263,194440
140,13829,343,10741,18 June 2020,2020-06-18,381098,12606,205181
141,14740,364,9029,19 June 2020,2020-06-19,395838,12970,214210
142,15918,308,13974,20 June 2020,2020-06-20,411753,13278,228184
143,15151,426,9075,21 June 2020,2020-06-21,426904,13704,237259
144,13560,312,10879,22 June 2020,2020-06-22,440464,14016,248138
145,15656,468,10462,23 June 2020,2020-06-23,456120,14484,258600
146,16868,424,13089,24 June 2020,2020-06-24,472988,14908,271689
147,18205,401,13983,25 June 2020,2020-06-25,491193,15309,285672
148,18255,381,10246,26 June 2020,2020-06-26,509448,15690,295918
149,20142,414,14229,27 June 2020,2020-06-27,529590,16104,310147
150,19610,384,11631,28 June 2020,2020-06-28,549200,16488,321778
151,18339,417,13497,29 June 2020,2020-06-29,567539,16905,335275
152,18256,506,12565,30 June 2020,2020-06-30,585795,17411,347840
153,19429,438,12064,1 July 2020,2020-07-01,605224,17849,359904
154,21947,378,19999,2 July 2020,2020-07-02,627171,18227,379903
155,22718,444,14417,3 July 2020,2020-07-03,649889,18671,394320
156,24018,611,14746,4 July 2020,2020-07-04,673907,19282,409066
157,23942,421,15829,5 July 2020,2020-07-05,697849,19703,424895
158,22500,473,15315,6 July 2020,2020-07-06,720349,20176,440210
159,23147,479,16836,7 July 2020,2020-07-07,743496,20655,457046
160,25561,492,19508,8 July 2020,2020-07-08,769057,21147,476554
161,25790,479,19408,9 July 2020,2020-07-09,794847,21626,495962
162,27762,520,20289,10 July 2020,2020-07-10,822609,22146,516251
163,27757,543,19981,11 July 2020,2020-07-11,850366,22689,536232
164,29106,500,18198,12 July 2020,2020-07-12,879472,23189,554430
165,28178,541,17683,13 July 2020,2020-07-13,907650,23730,572113
166,29917,587,20977,14 July 2020,2020-07-14,937567,24317,593090
167,32607,614,20646,15 July 2020,2020-07-15,970174,24931,613736
168,35468,680,22867,16 July 2020,2020-07-16,1005642,25611,636603
169,34820,676,17476,17 July 2020,2020-07-17,1040462,26287,654079
170,37411,543,23583,18 July 2020,2020-07-18,1077873,26830,677662
171,40235,675,22730,19 July 2020,2020-07-19,1118108,27505,700392
172,36806,596,24303,20 July 2020,2020-07-20,1154914,28101,724695
173,39170,671,27589,21 July 2020,2020-07-21,1194084,28772,752284
174,45601,1130,31875,22 July 2020,2020-07-22,1239685,29902,784159
175,48443,755,33326,23 July 2020,2020-07-23,1288128,30657,817485
176,48888,763,32514,24 July 2020,2020-07-24,1337016,31420,849999
177,50072,703,37125,25 July 2020,2020-07-25,1387088,32123,887124
178,48932,704,31512,26 July 2020,2020-07-26,1436020,32827,918636
179,46484,642,34354,27 July 2020,2020-07-27,1482504,33469,952990
180,49631,774,35683,28 July 2020,2020-07-28,1532135,34243,988673
181,52479,775,32886,29 July 2020,2020-07-29,1584614,35018,1021559
182,54968,784,37425,30 July 2020,2020-07-30,1639582,35802,1058984
183,57486,764,36554,31 July 2020,2020-07-31,1697068,36566,1095538
184,55117,854,51368,1 August 2020,2020-08-01,1752185,37420,1146906
185,52672,760,40355,2 August 2020,2020-08-02,1804857,38180,1187261
186,50488,806,43070,3 August 2020,2020-08-03,1855345,38986,1230331
187,51282,849,51220,4 August 2020,2020-08-04,1906627,39835,1281551
188,56626,919,45583,5 August 2020,2020-08-05,1963253,40754,1327134
189,62170,899,50141,6 August 2020,2020-08-06,2025423,41653,1377275
190,61455,936,50387,7 August 2020,2020-08-07,2086878,42589,1427662
191,65156,875,52135,8 August 2020,2020-08-08,2152034,43464,1479797
192,62117,1013,54474,9 August 2020,2020-08-09,2214151,44477,1534271
193,53016,887,47362,10 August 2020,2020-08-10,2267167,45364,1581633
194,61252,835,56461,11 August 2020,2020-08-11,2328419,46199,1638094
195,67066,950,57759,12 August 2020,2020-08-12,2395485,47149,1695853
196,64141,1006,54776,13 August 2020,2020-08-13,2459626,48155,1750629
197,65610,989,56920,14 August 2020,2020-08-14,2525236,49144,1807549
198,63986,952,53116,15 August 2020,2020-08-15,2589222,50096,1860665
199,58096,952,57404,16 August 2020,2020-08-16,2647318,51048,1918069
200,54298,880,58172,17 August 2020,2020-08-17,2701616,51928,1976241
201,65024,1099,60455,18 August 2020,2020-08-18,2766640,53027,2036696
202,69196,979,59365,19 August 2020,2020-08-19,2835836,54006,2096061
203,68518,981,61873,20 August 2020,2020-08-20,2904354,54987,2157934
204,69029,953,62858,21 August 2020,2020-08-21,2973383,55940,2220792
205,70067,918,59101,22 August 2020,2020-08-22,3043450,56858,2279893
206,61749,846,56896,23 August 2020,2020-08-23,3105199,57704,2336789
207,59696,854,66305,24 August 2020,2020-08-24,3164895,58558,2403094
208,66873,1066,64151,25 August 2020,2020-08-25,3231768,59624,2467245
209,75995,1017,56191,26 August 2020,2020-08-26,3307763,60641,2523436
210,76827,1066,59620,27 August 2020,2020-08-27,3384590,61707,2583056
211,76657,1019,64475,28 August 2020,2020-08-28,3461247,62726,2647531
212,78479,943,64982,29 August 2020,2020-08-29,3539726,63669,2712513
213,79461,960,60422,30 August 2020,2020-08-30,3619187,64629,2772935
214,68766,816,64435,31 August 2020,2020-08-31,3687953,65445,2837370
215,78168,892,62145,1 September 2020,2020-09-01,3766121,66337,2899515
216,82860,913,67874,2 September 2020,2020-09-02,3848981,67250,2967389
217,84156,979,67491,3 September 2020,2020-09-03,3933137,68229,3034880
218,87115,950,69625,4 September 2020,2020-09-04,4020252,69179,3104505
219,90600,916,73161,5 September 2020,2020-09-05,4110852,70095,3177666
220,91725,1005,69630,6 September 2020,2020-09-06,4202577,71100,3247296
221,75015,1129,74116,7 September 2020,2020-09-07,4277592,72229,3321412
222,89855,1107,74608,8 September 2020,2020-09-08,4367447,73336,3396020
223,95536,1168,73062,9 September 2020,2020-09-09,4462983,74504,3469082
224,96762,1213,70904,10 September 2020,2020-09-10,4559745,75717,3539986
225,97655,1202,81456,11 September 2020,2020-09-11,4657400,76919,3621442
226,94414,1111,77862,12 September 2020,2020-09-12,4751814,78030,3699304
227,93220,1140,77748,13 September 2020,2020-09-13,4845034,79170,3777052
228,81913,1054,79213,14 September 2020,2020-09-14,4926947,80224,3856265
229,91098,1281,82849,15 September 2020,2020-09-15,5018045,81505,3939114
230,97860,1140,82924,16 September 2020,2020-09-16,5115905,82645,4022038
231,96787,1175,87788,17 September 2020,2020-09-17,5212692,83820,4109826
232,92973,1221,95515,18 September 2020,2020-09-18,5305665,85041,4205341
233,92574,1149,94389,19 September 2020,2020-09-19,5398239,86190,4299730
234,87395,1135,92926,20 September 2020,2020-09-20,5485634,87325,4392656
235,74493,1056,102070,21 September 2020,2020-09-21,5560127,88381,4494726
236,83362,1085,89657,22 September 2020,2020-09-22,5643489,89466,4584383
237,86703,1123,87459,23 September 2020,2020-09-23,5730192,90589,4671842
238,85921,1144,81142,24 September 2020,2020-09-24,5816113,91733,4752984
239,85717,1093,93331,25 September 2020,2020-09-25,5901830,92826,4846315
240,88759,1124,92365,26 September 2020,2020-09-26,5990589,93950,4938680
241,82770,1040,74691,27 September 2020,2020-09-27,6073359,94990,5013371
242,69669,775,85198,28 September 2020,2020-09-28,6143028,95765,5098569
243,80500,1178,86150,29 September 2020,2020-09-29,6223528,96943,5184719
244,86748,1179,85274,30 September 2020,2020-09-30,6310276,98122,5269993
245,81784,1099,78731,1 October 2020,2020-10-01,6392060,99221,5348724
246,79883,1068,76339,2 October 2020,2020-10-02,6471943,100289,5425063
247,75479,937,81655,3 October 2020,2020-10-03,6547422,101226,5506718
248,74770,903,76713,4 October 2020,2020-10-04,6622192,102129,5583431
249,60130,886,75855,5 October 2020,2020-10-05,6682322,103015,5659286
250,71869,990,81945,6 October 2020,2020-10-06,6754191,104005,5741231
251,78809,963,83209,7 October 2020,2020-10-07,6833000,104968,5824440
252,70797,967,78745,8 October 2020,2020-10-08,6903797,105935,5903185
253,73305,929,82628,9 October 2020,2020-10-09,6977102,106864,5985813
254,74418,921,89024,10 October 2020,2020-10-10,7051520,107785,6074837
255,67789,813,71565,11 October 2020,2020-10-11,7119309,108598,6146402
256,54262,710,78365,12 October 2020,2020-10-12,7173571,109308,6224767
257,63717,727,74079,13 October 2020,2020-10-13,7237288,110035,6298846
258,67811,690,81582,14 October 2020,2020-10-14,7305099,110725,6380428
259,63441,882,70792,15 October 2020,2020-10-15,7368540,111607,6451220
260,62304,840,70568,16 October 2020,2020-10-16,7430844,112447,6521788
261,61893,1032,72583,17 October 2020,2020-10-17,7492737,113479,6594371
262,56519,582,66418,18 October 2020,2020-10-18,7549256,114061,6660789
263,45506,589,69800,19 October 2020,2020-10-19,7594762,114650,6730589
264,54348,714,61828,20 October 2020,2020-10-20,7649110,115364,6792417
265,56264,701,79561,21 October 2020,2020-10-21,7705374,116065,6871978
266,54371,686,74569,22 October 2020,2020-10-22,7759745,116751,6946547
267,53931,655,66994,23 October 2020,2020-10-23,7813676,117406,7013541
268,50366,578,62270,24 October 2020,2020-10-24,7864042,117984,7075811
269,45922,483,59304,25 October 2020,2020-10-25,7909964,118467,7135115
270,36019,485,63734,26 October 2020,2020-10-26,7945983,118952,7198849
271,43036,511,58429,27 October 2020,2020-10-27,7989019,119463,7257278
272,50188,515,56594,28 October 2020,2020-10-28,8039207,119978,7313872
273,48765,562,57867,29 October 2020,2020-10-29,8087972,120540,7371739
274,48117,550,59005,30 October 2020,2020-10-30,8136089,121090,7430744
275,47228,469,58682,31 October 2020,2020-10-31,8183317,121559,7489426
276,45928,491,53312,1 November 2020,2020-11-01,8229245,122050,7542738
277,37592,498,58524,2 November 2020,2020-11-02,8266837,122548,7601262
278,46027,510,53328,3 November 2020,2020-11-03,8312864,123058,7654590
279,50465,707,55873,4 November 2020,2020-11-04,8363329,123765,7710463
280,47628,672,54133,5 November 2020,2020-11-05,8410957,124437,7764596
281,50017,577,53946,6 November 2020,2020-11-06,8460974,125014,7818542
282,46153,557,48582,7 November 2020,2020-11-07,8507127,125571,7867124
283,46707,491,48465,8 November 2020,2020-11-08,8553834,126062,7915589
284,37119,450,41449,9 November 2020,2020-11-09,8590953,126512,7957038
285,44724,511,54639,10 November 2020,2020-11-10,8635677,127023,8011677
286,48285,550,52704,11 November 2020,2020-11-11,8683962,127573,8064381
287,44585,544,49354,12 November 2020,2020-11-12,8728547,128117,8113735
288,44620,517,47620,13 November 2020,2020-11-13,8773167,128634,8161355
289,41692,450,42317,14 November 2020,2020-11-14,8814859,129084,8203672
290,30681,434,44111,15 November 2020,2020-11-15,8845540,129518,8247783
291,28609,451,40392,16 November 2020,2020-11-16,8874149,129969,8288175
292,38548,472,44753,17 November 2020,2020-11-17,8912697,130441,8332928
293,45366,586,48675,18 November 2020,2020-11-18,8958063,131027,8381603
294,46185,582,45246,19 November 2020,2020-11-19,9004248,131609,8426849
295,46283,564,48968,20 November 2020,2020-11-20,9050531,132173,8475817
296,45301,499,44055,21 November 2020,2020-11-21,9095832,132672,8519872
297,44404,510,41405,22 November 2020,2020-11-22,9140236,133182,8561277
298,37441,481,42195,23 November 2020,2020-11-23,9177677,133663,8603472
299,44245,489,37765,24 November 2020,2020-11-24,9221922,134152,8641237
300,44699,518,36582,25 November 2020,2020-11-25,9266621,134670,8677819
301,43174,491,39723,26 November 2020,2020-11-26,9309795,135161,8717542
302,41353,486,41177,27 November 2020,2020-11-27,9351148,135647,8758719
303,41815,495,42275,28 November 2020,2020-11-28,9392963,136142,8800994
304,39036,444,45152,29 November 2020,2020-11-29,9431999,136586,8846146
305,31179,482,42282,30 November 2020,2020-11-30,9463178,137068,8888428
306,36474,501,43208,1 December 2020,2020-12-01,9499652,137569,8931636
307,35506,526,40908,2 December 2020,2020-12-02,9535158,138095,8972544
308,36574,541,42991,3 December 2020,2020-12-03,9571732,138636,9015535
309,36711,511,42359,4 December 2020,2020-12-04,9608443,139147,9057894
310,36010,482,41885,5 December 2020,2020-12-05,9644453,139629,9099779
311,33178,390,39078,6 December 2020,2020-12-06,9677631,140019,9138857
312,26227,386,39293,7 December 2020,2020-12-07,9703858,140405,9178150
313,32083,402,36583,8 December 2020,2020-12-08,9735941,140807,9214733
314,31637,413,37693,9 December 2020,2020-12-09,9767578,141220,9252426
315,29411,411,37707,10 December 2020,2020-12-10,9796989,141631,9290133
316,29961,442,33492,11 December 2020,2020-12-11,9826950,142073,9323625
317,30354,391,33087,12 December 2020,2020-12-12,9857304,142464,9356712
318,27336,338,30640,13 December 2020,2020-12-13,9884640,142802,9387352
319,21941,354,34421,14 December 2020,2020-12-14,9906581,143156,9421773
320,26251,384,33853,15 December 2020,2020-12-15,9932832,143540,9455626
321,18172,356,33360,16 December 2020,2020-12-16,9951004,143896,9488986
322,26754,342,30891,17 December 2020,2020-12-17,9977758,144238,9519877
323,26991,342,29879,18 December 2020,2020-12-18,10004749,144580,9549756
324,26834,342,29758,19 December 2020,2020-12-19,10031583,144922,9579514
325,24622,332,25734,20 December 2020,2020-12-20,10056205,145254,9605248
326,19147,302,30250,21 December 2020,2020-12-21,10075352,145556,9635498
327,23880,329,27032,22 December 2020,2020-12-22,10099232,145885,9662530
328,24716,315,29946,23 December 2020,2020-12-23,10123948,146200,9692476
329,23444,337,24555,24 December 2020,2020-12-24,10147392,146537,9717031
330,22349,251,22184,25 December 2020,2020-12-25,10169741,146788,9739215
331,18575,280,21466,26 December 2020,2020-12-26,10188316,147068,9760681
332,20333,281,21097,27 December 2020,2020-12-27,10208649,147349,9781778
333,16072,250,24822,28 December 2020,2020-12-28,10224721,147599,9806600
334,20542,285,26589,29 December 2020,2020-12-29,10245263,147884,9833189
335,21945,299,26407,30 December 2020,2020-12-30,10267208,148183,9859596
336,19026,244,21969,31 December 2020,2020-12-31,10286234,148427,9881565
337,20159,237,23838,1 January 2021,2021-01-01,10306393,148664,9905403
338,18144,216,20903,2 January 2021,2021-01-02,10324537,148880,9926306
339,16678,215,19658,3 January 2021,2021-01-03,10341215,149095,9945964
340,16278,200,29209,4 January 2021,2021-01-04,10357493,149295,9975173
341,17909,265,21161,5 January 2021,2021-01-05,10375402,149560,9996334
342,20472,222,19689,6 January 2021,2021-01-06,10395874,149782,10016023
343,18123,233,20503,7 January 2021,2021-01-07,10413997,150015,10036526
344,18453,229,19242,8 January 2021,2021-01-08,10432450,150244,10055768
345,18820,213,19460,9 January 2021,2021-01-09,10451270,150457,10075228
346,16086,150,16737,10 January 2021,2021-01-10,10467356,150607,10091965
347,12481,166,18578,11 January 2021,2021-01-11,10479837,150773,10110543
348,15903,200,17762,12 January 2021,2021-01-12,10495740,150973,10128305
349,17015,201,17797,13 January 2021,2021-01-13,10512755,151174,10146102
350,15677,189,15943,14 January 2021,2021-01-14,10528432,151363,10162045
351,15155,176,16809,15 January 2021,2021-01-15,10543587,151539,10178854
352,15050,181,17202,16 January 2021,2021-01-16,10558637,151720,10196056
353,13962,145,14513,17 January 2021,2021-01-17,10572599,151865,10210569
354,9987,137,17127,18 January 2021,2021-01-18,10582586,152002,10227696
355,13787,162,17229,19 January 2021,2021-01-19,10596373,152164,10244925
356,15279,152,20071,20 January 2021,2021-01-20,10611652,152316,10264996
357,14495,161,17734,21 January 2021,2021-01-21,10626147,152477,10282730
358,14323,153,17166,22 January 2021,2021-01-22,10640470,152630,10299896
359,14896,156,16033,23 January 2021,2021-01-23,10655366,152786,10315929
360,13232,131,13148,24 January 2021,2021-01-24,10668598,152917,10329077
361,9098,116,16092,25 January 2021,2021-01-25,10677696,153033,10345169
362,12733,138,13250,26 January 2021,2021-01-26,10690429,153171,10358419
363,11556,123,14261,27 January 2021,2021-01-27,10701985,153294,10372680
364,18912,162,20315,28 January 2021,2021-01-28,10720897,153456,10392995
365,13054,137,14886,29 January 2021,2021-01-29,10733951,153593,10407881
366,13073,128,14077,30 January 2021,2021-01-30,10747024,153721,10421958
367,11527,116,11882,31 January 2021,2021-01-31,10758551,153837,10433840
368,8579,94,13443,1 February 2021,2021-02-01,10767130,153931,10447283
369,11001,113,14250,2 February 2021,2021-02-02,10778131,154044,10461533
370,12925,107,17813,3 February 2021,2021-02-03,10791056,154151,10479346
371,12401,120,15788,4 February 2021,2021-02-04,10803457,154271,10495134
372,11711,95,14512,5 February 2021,2021-02-05,10815168,154366,10509646
373,12069,75,11761,6 February 2021,2021-02-06,10827237,154441,10521407
374,11786,86,11756,7 February 2021,2021-02-07,10839023,154527,10533163
375,8715,78,13600,8 February 2021,2021-02-08,10847738,154605,10546763
376,10731,94,12928,9 February 2021,2021-02-09,10858469,154699,10559691
377,12539,110,11796,10 February 2021,2021-02-10,10871008,154809,10571487
378,9353,85,15722,11 February 2021,2021-02-11,10880361,154894,10587209
379,12137,104,11358,12 February 2021,2021-02-12,10892498,154998,10598567
380,12198,89,11107,13 February 2021,2021-02-13,10904696,155087,10609674
381,11706,91,9500,14 February 2021,2021-02-14,10916402,155178,10619174
382,9086,82,11793,15 February 2021,2021-02-15,10925488,155260,10630967
383,11592,99,11836,16 February 2021,2021-02-16,10937080,155359,10642803
384,12862,100,12028,17 February 2021,2021-02-17,10949942,155459,10654831
385,13237,100,10914,18 February 2021,2021-02-18,10963179,155559,10665745
386,13916,100,10214,19 February 2021,2021-02-19,10977095,155659,10675959
387,13919,89,11413,20 February 2021,2021-02-20,10991014,155748,10687372
388,14278,83,9715,21 February 2021,2021-02-21,11005292,155831,10697087
389,10494,76,13233,22 February 2021,2021-02-22,11015786,155907,10710320
390,13682,103,13969,23 February 2021,2021-02-23,11029468,156010,10724289
391,16930,141,12100,24 February 2021,2021-02-24,11046398,156151,10736389
392,16599,119,12222,25 February 2021,2021-02-25,11062997,156270,10748611
393,16562,114,12790,26 February 2021,2021-02-26,11079559,156384,10761401
394,16805,111,11709,27 February 2021,2021-02-27,11096364,156495,10773110
395,15614,108,11291,28 February 2021,2021-02-28,11111978,156603,10784401
396,12270,92,12472,1 March 2021,2021-03-01,11124248,156695,10796873
397,14998,98,13113,2 March 2021,2021-03-02,11139246,156793,10809986
398,17425,87,14071,3 March 2021,2021-03-03,11156671,156880,10824057
399,16824,113,13788,4 March 2021,2021-03-04,11173495,156993,10837845
400,18324,109,14186,5 March 2021,2021-03-05,11191819,157102,10852031
401,18724,100,14379,6 March 2021,2021-03-06,11210543,157202,10866410
402,18650,97,14303,7 March 2021,2021-03-07,11229193,157299,10880713
403,15353,76,16606,8 March 2021,2021-03-08,11244546,157375,10897319
404,17873,133,20643,9 March 2021,2021-03-09,11262419,157508,10917962
405,22851,125,18154,10 March 2021,2021-03-10,11285270,157633,10936116
406,23298,119,15092,11 March 2021,2021-03-11,11308568,157752,10951208
407,24845,140,19972,12 March 2021,2021-03-12,11333413,157892,10971180
408,25154,159,16508,13 March 2021,2021-03-13,11358567,158051,10987688
409,26513,120,17590,14 March 2021,2021-03-14,11385080,158171,11005278
410,24437,130,20186,15 March 2021,2021-03-15,11409517,158301,11025464
411,28869,187,17746,16 March 2021,2021-03-16,11438386,158488,11043210
412,35838,171,17793,17 March 2021,2021-03-17,11474224,158659,11061003
413,39687,156,20356,18 March 2021,2021-03-18,11513911,158815,11081359
414,40906,188,23623,19 March 2021,2021-03-19,11554817,159003,11104982
415,43815,196,22971,20 March 2021,2021-03-20,11598632,159199,11127953
416,47009,213,21205,21 March 2021,2021-03-21,11645641,159412,11149158
417,40636,197,29779,22 March 2021,2021-03-22,11686277,159609,11178937
418,47239,277,23913,23 March 2021,2021-03-23,11733516,159886,11202850
419,53419,249,26575,24 March 2021,2021-03-24,11786935,160135,11229425
420,59083,257,32917,25 March 2021,2021-03-25,11846018,160392,11262342
421,62276,292,30341,26 March 2021,2021-03-26,11908294,160684,11292683
422,62632,311,28728,27 March 2021,2021-03-27,11970926,160995,11321411
423,68206,295,32269,28 March 2021,2021-03-28,12039132,161290,11353680
424,56152,266,36989,29 March 2021,2021-03-29,12095284,161556,11390669
425,53237,355,41242,30 March 2021,2021-03-30,12148521,161911,11431911
426,72113,458,40423,31 March 2021,2021-03-31,12220634,162369,11472334
427,81398,468,50384,1 April 2021,2021-04-01,12302032,162837,11522718
428,89023,713,44179,2 April 2021,2021-04-02,12391055,163550,11566897
429,92994,514,60059,3 April 2021,2021-04-03,12484049,164064,11626956
430,103794,477,52840,4 April 2021,2021-04-04,12587843,164541,11679796
431,96563,446,50100,5 April 2021,2021-04-05,12684406,164987,11729896
432,115312,630,59714,6 April 2021,2021-04-06,12799718,165617,11789610
433,126276,684,59137,7 April 2021,2021-04-07,12925994,166301,11848747
434,131878,802,61829,8 April 2021,2021-04-08,13057872,167103,11910576
435,144945,773,77263,9 April 2021,2021-04-09,13202817,167876,11987839
436,152565,838,90328,10 April 2021,2021-04-10,13355382,168714,12078167
437,169914,904,75380,11 April 2021,2021-04-11,13525296,169618,12153547
438,160838,880,96746,12 April 2021,2021-04-12,13686134,170498,12250293
439,185297,1026,82271,13 April 2021,2021-04-13,13871431,171524,12332564
440,199584,1038,93425,14 April 2021,2021-04-14,14071015,172562,12425989
441,216828,1184,117897,15 April 2021,2021-04-15,14287843,173746,12543886
442,234002,1338,122886,16 April 2021,2021-04-16,14521845,175084,12666772
443,260895,1498,138209,17 April 2021,2021-04-17,14782740,176582,12804981
444,275063,1620,143839,18 April 2021,2021-04-18,15057803,178202,12948820
445,257003,1757,154357,19 April 2021,2021-04-19,15314806,179959,13103177
446,294365,2021,166656,20 April 2021,2021-04-20,15609171,181980,13269833
447,315752,2101,179434,21 April 2021,2021-04-21,15924923,184081,13449267
448,332531,2257,192317,22 April 2021,2021-04-22,16257454,186338,13641584
449,345296,2620,220545,23 April 2021,2021-04-23,16602750,188958,13862129
450,348996,2761,215809,24 April 2021,2021-04-24,16951746,191719,14077938
451,354658,2808,218626,25 April 2021,2021-04-25,17306404,194527,14296564
452,319471,2762,249009,26 April 2021,2021-04-26,17625875,197289,14545573
453,362913,3286,262349,27 April 2021,2021-04-27,17988788,200575,14807922
454,379404,3646,274171,28 April 2021,2021-04-28,18368192,204221,15082093
455,386773,3502,291727,29 April 2021,2021-04-29,18754965,207723,15373820
456,402014,3525,299198,30 April 2021,2021-04-30,19156979,211248,15673018
457,392576,3685,308688,1 May 2021,2021-05-01,19549555,214933,15981706
458,370090,3423,300004,2 May 2021,2021-05-02,19919645,218356,16281710
459,355769,3439,318910,3 May 2021,2021-05-03,20275414,221795,16600620
460,382847,3786,337699,4 May 2021,2021-05-04,20658261,225581,16938319
461,412624,3979,330718,5 May 2021,2021-05-05,21070885,229560,17269037
462,414280,3923,328349,6 May 2021,2021-05-06,21485165,233483,17597386
463,406901,4233,327675,7 May 2021,2021-05-07,21892066,237716,17925061
464,403808,4092,386395,8 May 2021,2021-05-08,22295874,241808,18311456
465,366455,3749,353777,9 May 2021,2021-05-09,22662329,245557,18665233
466,329491,3879,355930,10 May 2021,2021-05-10,22991820,249436,19021163
467,348555,4198,355398,11 May 2021,2021-05-11,23340375,253634,19376561
468,362632,4128,352005,12 May 2021,2021-05-12,23703007,257762,19728566
469,343005,4000,344676,13 May 2021,2021-05-13,24046012,261762,20073242
470,326256,3889,353200,14 May 2021,2021-05-14,24372268,265651,20426442
471,310757,4077,362547,15 May 2021,2021-05-15,24683025,269728,20788989
472,281837,4098,378526,16 May 2021,2021-05-16,24964862,273826,21167515
473,263021,4334,422391,17 May 2021,2021-05-17,25227883,278160,21589906
474,267246,4529,389758,18 May 2021,2021-05-18,25495129,282689,21979664
475,276187,3877,369005,19 May 2021,2021-05-19,25771316,286566,22348669
476,259242,4209,357173,20 May 2021,2021-05-20,26030558,290775,22705842
477,257299,4194,357625,21 May 2021,2021-05-21,26287857,294969,23063467
478,240897,3739,355138,22 May 2021,2021-05-22,26528754,298708,23418605
479,222834,4454,302253,23 May 2021,2021-05-23,26751588,303162,23720858
480,195857,3509,326737,24 May 2021,2021-05-24,26947445,306671,24047595
481,208992,4160,295264,25 May 2021,2021-05-25,27156437,310831,24342859
482,211510,3843,283054,26 May 2021,2021-05-26,27367947,314674,24625913
483,186075,3659,271002,27 May 2021,2021-05-27,27554022,318333,24896915
484,174083,3611,285332,28 May 2021,2021-05-28,27728105,321944,25182247
485,165282,3463,264483,29 May 2021,2021-05-29,27893387,325407,25446730
486,153396,3130,237664,30 May 2021,2021-05-30,28046783,328537,25684394
487,126883,2783,255125,31 May 2021,2021-05-31,28173666,331320,25939519
488,133152,3205,231397,1 June 2021,2021-06-01,28306818,334525,26170916
489,134044,2898,211890,2 June 2021,2021-06-02,28440862,337423,26382806
490,132424,2717,206722,3 June 2021,2021-06-03,28573286,340140,26589528
491,120454,3372,197763,4 June 2021,2021-06-04,28693740,343512,26787291
492,114488,2682,189374,5 June 2021,2021-06-05,28808228,346194,26976665
493,101209,2444,174156,6 June 2021,2021-06-06,28909437,348638,27150821
494,85804,2107,182866,7 June 2021,2021-06-07,28995241,350745,27333687
495,92787,2222,162356,8 June 2021,2021-06-08,29088028,352967,27496043
496,93883,6139,149022,9 June 2021,2021-06-09,29181911,359106,27645065
497,91849,3414,135329,10 June 2021,2021-06-10,29273760,362520,27780394
498,84574,3996,122685,11 June 2021,2021-06-11,29358334,366516,27903079
499,80525,3300,132664,12 June 2021,2021-06-12,29438859,369816,28035743
500,71001,3922,119574,13 June 2021,2021-06-13,29509860,373738,28155317
501,60008,2733,117376,14 June 2021,2021-06-14,29569868,376471,28272693
502,62215,2540,107776,15 June 2021,2021-06-15,29632083,379011,28380469
503,67289,2329,103900,16 June 2021,2021-06-16,29699372,381340,28484369
504,62436,1591,88500,17 June 2021,2021-06-17,29761808,382931,28572869
505,60765,1645,97854,18 June 2021,2021-06-18,29822573,384576,28670723
506,58615,1574,87608,19 June 2021,2021-06-19,29881188,386150,28758331
507,52978,1424,78189,20 June 2021,2021-06-20,29934166,387574,28836520
508,42683,1167,82031,21 June 2021,2021-06-21,29976849,388741,28918551
509,50817,1359,68697,22 June 2021,2021-06-22,30027666,390100,28987248
510,54309,1323,69187,23 June 2021,2021-06-23,30081975,391423,29056435
511,51659,1328,64369,24 June 2021,2021-06-24,30133634,392751,29120804
512,48768,1183,64819,25 June 2021,2021-06-25,30182402,393934,29185623
513,49844,1258,57866,26 June 2021,2021-06-26,30232246,395192,29243489
514,46523,978,58563,27 June 2021,2021-06-27,30278769,396170,29302052
515,37070,907,57016,28 June 2021,2021-06-28,30315839,397077,29359068
516,46104,819,60789,29 June 2021,2021-06-29,30361943,397896,29419857
517,48606,1002,61813,30 June 2021,2021-06-30,30410549,398898,29481670
518,46781,857,59054,1 July 2021,2021-07-01,30457330,399755,29540724
519,44187,737,57497,2 July 2021,2021-07-02,30501517,400492,29598221
520,43027,950,52270,3 July 2021,2021-07-03,30544544,401442,29650491
521,40150,725,42342,4 July 2021,2021-07-04,30584694,402167,29692833
522,34026,552,51933,5 July 2021,2021-07-05,30618720,402719,29744766
523,43964,930,47054,6 July 2021,2021-07-06,30662684,403649,29791820
524,45701,819,44529,7 July 2021,2021-07-07,30708385,404468,29836349
525,43504,908,44204,8 July 2021,2021-07-08,30751889,405376,29880553
526,42660,1207,45291,9 July 2021,2021-07-09,30794549,406583,29925844
527,41494,898,41511,10 July 2021,2021-07-10,30836043,407481,29967355
528,37654,720,39688,11 July 2021,2021-07-11,30873697,408201,30007043
529,30818,2024,47544,12 July 2021,2021-07-12,30904515,410225,30054587
530,40314,625,42436,13 July 2021,2021-07-13,30944829,410850,30097023
531,41759,578,39293,14 July 2021,2021-07-14,30986588,411428,30136316
532,39071,544,39827,15 July 2021,2021-07-15,31025659,411972,30176143
533,38117,560,43878,16 July 2021,2021-07-16,31063776,412532,30220021
534,41283,517,42051,17 July 2021,2021-07-17,31105059,413049,30262072
535,38330,501,38545,18 July 2021,2021-07-18,31143389,413550,30300617
536,29420,372,45356,19 July 2021,2021-07-19,31172809,413922,30345973
537,42128,3998,36876,20 July 2021,2021-07-20,31214937,417920,30382849
538,41687,510,38891,21 July 2021,2021-07-21,31256624,418430,30421740
539,34863,481,38403,22 July 2021,2021-07-22,31291487,418911,30460143
540,39501,542,35144,23 July 2021,2021-07-23,31330988,419453,30495287
541,40286,541,40038,24 July 2021,2021-07-24,31371274,419994,30535325
542,38179,411,35945,25 July 2021,2021-07-25,31409453,420405,30571270
543,30820,418,42503,26 July 2021,2021-07-26,31440273,420823,30613773
544,42971,641,41653,27 July 2021,2021-07-27,31483244,421464,30655426
545,43165,640,38537,28 July 2021,2021-07-28,31526409,422104,30693963
546,44671,549,42115,29 July 2021,2021-07-29,31571080,422653,30736078
547,41499,598,37320,30 July 2021,2021-07-30,31612579,423251,30773398
548,41943,542,39485,31 July 2021,2021-07-31,31654522,423793,30812883
549,40629,424,36628,1 August 2021,2021-08-01,31695151,424217,30849511
550,30085,420,39120,2 August 2021,2021-08-02,31725236,424637,30888631
551,42530,561,36552,3 August 2021,2021-08-03,31767766,425198,30925183
552,42797,532,41873,4 August 2021,2021-08-04,31810563,425730,30967056
553,45005,465,40906,5 August 2021,2021-08-05,31855568,426195,31007962
554,38705,616,40026,6 August 2021,2021-08-06,31894273,426811,31047988
555,39068,491,43935,7 August 2021,2021-08-07,31933341,427302,31091923
556,36036,447,39832,8 August 2021,2021-08-08,31969377,427749,31131755
557,27428,376,41461,9 August 2021,2021-08-09,31996805,428125,31173216
558,38376,496,40097,10 August 2021,2021-08-10,32035181,428621,31213313
559,41586,491,39127,11 August 2021,2021-08-11,32076767,429112,31252440
560,40081,583,42156,12 August 2021,2021-08-12,32116848,429695,31294596
561,38761,477,35759,13 August 2021,2021-08-13,32155609,430172,31330355
562,36135,491,37936,14 August 2021,2021-08-14,32191744,430663,31368291
563,33245,421,35936,15 August 2021,2021-08-15,32224989,431084,31404227
564,24692,438,36862,16 August 2021,2021-08-16,32249681,431522,31441089
